{
  "name": "Pebble Development Environment",
  "image": "mcr.microsoft.com/devcontainers/universal:2-ubuntu",
  
  "features": {
    "ghcr.io/devcontainers/features/node:1": {
      "version": "18"
    },
    "ghcr.io/devcontainers/features/python:1": {
      "version": "3.12"
    }
  },

  "postCreateCommand": ".devcontainer/setup-pebble-sdk.sh",
  
  "customizations": {
    "vscode": {
      "extensions": [
        "ms-vscode.cpptools",
        "ms-python.python",
        "ms-vscode.cmake-tools"
      ]
    }
  },

  "forwardPorts": [3000, 8000],

  "mounts": [
    "source=pebble-sdk-cache,target=/home/codespace/.pebble-sdk,type=volume"
  ],
  
  "containerEnv": {
    "PEBBLE_SDK_ROOT": "/home/codespace/.pebble-sdk"
  },

  "remoteUser": "codespace"
}